delta, theta, alpha, beta, gamma, peak_freq, centroid, label
0.022635, 0.165601, 0.074506, 0.173130, 0.227127, 6.000000, 44.933751,yes
0.034798, 0.177991, 0.073490, 0.144919, 0.253188, 6.000000, 42.520446,yes
0.017025, 0.107329, 0.028331, 0.203575, 0.292533, 6.000000, 44.712608,yes
0.123684, 0.110373, 0.080339, 0.147797, 0.215785, 3.000000, 44.262077,yes
0.035406, 0.148539, 0.067703, 0.165295, 0.245450, 6.000000, 44.288807,yes
0.041942, 0.106483, 0.078510, 0.151131, 0.249841, 6.000000, 48.401724,yes
0.034722, 0.108117, 0.051061, 0.185471, 0.288120, 6.000000, 46.392716,yes
0.027081, 0.092362, 0.038145, 0.202209, 0.261818, 6.000000, 51.362439,yes
0.042499, 0.193416, 0.107922, 0.078169, 0.137769, 6.000000, 47.107695,yes
0.019390, 0.172731, 0.034165, 0.131891, 0.291818, 6.000000, 46.255601,yes
0.036601, 0.179387, 0.071498, 0.112267, 0.302225, 6.000000, 44.613694,yes
0.032313, 0.133673, 0.107027, 0.200878, 0.256284, 6.000000, 40.669407,yes
0.035967, 0.164884, 0.074730, 0.148934, 0.307908, 6.000000, 41.369849,yes
0.038587, 0.162068, 0.048756, 0.115941, 0.303739, 6.000000, 43.408336,yes
0.023352, 0.151953, 0.097187, 0.170765, 0.158189, 6.000000, 48.117136,yes
0.029416, 0.177926, 0.041000, 0.089699, 0.289399, 6.000000, 43.307494,yes
0.017987, 0.134664, 0.078814, 0.119532, 0.290679, 6.000000, 45.766248,yes
0.033861, 0.223452, 0.034780, 0.132976, 0.216544, 6.000000, 45.877517,yes
0.026031, 0.157716, 0.017940, 0.210583, 0.244859, 6.000000, 45.449501,yes
0.033931, 0.092882, 0.061792, 0.153436, 0.270135, 6.000000, 46.498755,yes
0.061523, 0.203359, 0.075303, 0.117700, 0.216347, 6.000000, 43.361236,yes
0.084208, 0.138290, 0.096114, 0.102224, 0.318353, 6.000000, 41.130156,yes
0.043141, 0.211482, 0.076046, 0.099114, 0.233967, 6.000000, 44.172987,yes
0.012001, 0.086497, 0.023424, 0.159829, 0.388986, 6.000000, 49.740650,yes
0.022731, 0.161601, 0.102054, 0.152987, 0.225990, 6.000000, 41.895562,yes
0.029706, 0.109186, 0.055454, 0.168980, 0.260212, 6.000000, 46.644071,yes
0.021550, 0.129152, 0.042303, 0.196505, 0.207008, 6.000000, 50.179780,yes
0.030254, 0.186406, 0.069772, 0.108307, 0.356993, 6.000000, 44.793301,yes
0.053140, 0.207295, 0.043293, 0.134137, 0.238031, 6.000000, 46.433211,yes
0.049724, 0.129082, 0.022099, 0.127336, 0.293285, 6.000000, 48.812653,yes
0.035940, 0.090133, 0.083201, 0.159060, 0.245033, 6.000000, 47.827957,yes
0.039030, 0.117053, 0.037404, 0.168436, 0.284671, 6.000000, 47.570658,yes
0.020293, 0.165583, 0.063155, 0.223217, 0.264145, 6.000000, 39.888294,yes
0.050921, 0.137012, 0.096213, 0.144874, 0.242837, 6.000000, 44.477702,yes
0.016143, 0.171615, 0.029984, 0.168906, 0.290295, 6.000000, 44.675347,yes
0.006447, 0.190503, 0.071566, 0.116442, 0.335383, 6.000000, 45.568270,yes
0.044468, 0.144383, 0.079254, 0.149213, 0.204876, 6.000000, 46.912588,yes
0.024381, 0.161321, 0.099363, 0.183850, 0.287680, 6.000000, 40.989883,yes
0.063444, 0.085263, 0.075468, 0.172571, 0.315854, 54.000000, 46.536865,yes
0.012116, 0.126035, 0.062700, 0.165132, 0.347867, 6.000000, 43.485256,yes
0.018542, 0.193814, 0.048893, 0.200712, 0.333439, 6.000000, 40.172676,yes
0.041074, 0.142827, 0.100696, 0.130413, 0.300725, 6.000000, 40.792462,yes
0.030599, 0.101910, 0.056616, 0.231410, 0.245344, 6.000000, 47.148780,yes
0.014648, 0.124651, 0.087531, 0.179314, 0.258982, 6.000000, 47.234914,yes
0.017881, 0.113942, 0.071842, 0.151827, 0.305627, 6.000000, 46.945144,yes
0.016628, 0.144989, 0.078944, 0.130140, 0.301148, 6.000000, 46.303464,yes
0.038364, 0.112838, 0.088398, 0.166753, 0.362843, 6.000000, 41.302345,yes
0.013934, 0.147766, 0.040354, 0.103223, 0.273467, 6.000000, 50.582122,yes
0.015890, 0.202279, 0.043456, 0.201794, 0.261862, 6.000000, 41.481054,yes
0.032413, 0.150592, 0.082644, 0.133187, 0.258790, 6.000000, 45.442244,yes
0.040783, 0.173871, 0.039887, 0.126570, 0.324887, 6.000000, 43.455037,yes
0.021922, 0.133835, 0.062865, 0.131203, 0.309490, 6.000000, 47.698059,yes
0.045644, 0.201415, 0.052081, 0.213623, 0.240131, 6.000000, 39.955674,yes
0.049632, 0.123026, 0.064444, 0.129331, 0.244418, 6.000000, 44.343282,yes
0.021370, 0.136127, 0.074028, 0.108590, 0.273103, 6.000000, 52.412133,yes
0.023740, 0.236076, 0.062311, 0.122263, 0.254512, 6.000000, 41.735521,yes
0.041259, 0.127554, 0.070802, 0.157346, 0.259645, 6.000000, 47.853088,yes
0.025781, 0.202700, 0.071027, 0.178543, 0.316050, 6.000000, 39.082725,yes
0.065733, 0.225982, 0.033788, 0.121187, 0.235744, 6.000000, 40.792815,yes
0.041011, 0.088502, 0.031380, 0.153242, 0.337142, 6.000000, 48.319553,yes
0.025857, 0.116285, 0.077754, 0.092689, 0.348806, 6.000000, 47.430235,yes
0.044992, 0.099005, 0.060374, 0.148051, 0.284121, 6.000000, 47.401183,yes
0.051698, 0.132913, 0.070001, 0.168241, 0.255057, 6.000000, 46.155479,yes
0.011140, 0.162647, 0.074950, 0.134693, 0.288508, 6.000000, 43.407147,yes
0.028209, 0.125846, 0.065183, 0.111347, 0.249131, 6.000000, 53.110038,yes
0.022003, 0.261773, 0.072384, 0.101214, 0.213595, 6.000000, 42.322510,yes
0.018283, 0.183848, 0.052411, 0.175115, 0.247114, 6.000000, 41.952778,yes
0.009425, 0.093855, 0.084826, 0.170078, 0.286300, 6.000000, 49.606477,yes
0.097816, 0.165717, 0.040558, 0.164507, 0.263334, 6.000000, 41.289912,yes
0.040817, 0.075685, 0.050534, 0.161572, 0.359551, 6.000000, 47.295845,yes
0.102754, 0.156243, 0.049129, 0.097118, 0.248607, 6.000000, 45.083737,yes
0.039961, 0.142409, 0.111316, 0.157914, 0.261953, 6.000000, 45.848654,yes
0.032838, 0.112876, 0.086034, 0.119562, 0.272278, 6.000000, 50.449480,yes
0.012341, 0.175835, 0.086912, 0.118698, 0.230935, 6.000000, 46.938759,yes
0.017597, 0.061914, 0.065120, 0.230861, 0.292801, 26.000000, 46.993044,yes
0.075247, 0.193548, 0.023827, 0.165923, 0.274232, 6.000000, 41.103073,yes
0.060157, 0.153836, 0.046023, 0.155435, 0.310377, 6.000000, 45.173839,yes
0.032318, 0.126204, 0.077028, 0.154578, 0.222459, 6.000000, 44.186536,yes
0.025610, 0.115501, 0.093789, 0.180647, 0.291319, 6.000000, 46.318362,yes
0.026436, 0.127440, 0.063908, 0.142521, 0.221885, 6.000000, 49.333648,yes
0.033843, 0.117565, 0.059771, 0.144961, 0.296777, 6.000000, 47.564516,yes
0.025808, 0.180655, 0.042293, 0.136136, 0.348897, 6.000000, 45.002968,yes
0.031635, 0.120323, 0.056293, 0.146740, 0.251473, 6.000000, 47.528310,yes
0.076237, 0.146017, 0.085421, 0.180961, 0.255838, 6.000000, 38.702489,yes
0.059412, 0.200320, 0.051152, 0.114737, 0.218638, 6.000000, 42.754973,yes
0.014570, 0.091770, 0.109729, 0.185371, 0.288923, 6.000000, 47.752668,yes
0.018371, 0.147149, 0.035675, 0.153138, 0.220025, 6.000000, 48.702331,yes
0.007631, 0.173988, 0.056500, 0.156327, 0.271465, 6.000000, 44.704976,yes
0.037729, 0.185625, 0.050855, 0.153058, 0.322068, 6.000000, 42.988888,yes
0.039895, 0.086212, 0.045255, 0.192633, 0.297601, 6.000000, 46.552191,yes
0.026254, 0.157881, 0.055765, 0.168536, 0.264325, 6.000000, 45.473462,yes
0.029067, 0.095885, 0.059455, 0.122917, 0.250981, 74.000000, 49.557871,yes
0.020503, 0.229288, 0.051892, 0.087128, 0.242982, 6.000000, 47.758999,yes
0.033550, 0.122021, 0.076923, 0.211595, 0.239923, 6.000000, 45.896396,yes
0.018044, 0.155836, 0.091130, 0.140903, 0.236910, 6.000000, 45.150907,yes
0.056277, 0.155793, 0.037467, 0.132320, 0.283252, 6.000000, 45.492610,yes
0.038556, 0.164704, 0.081339, 0.176030, 0.290057, 6.000000, 38.537099,yes
0.023779, 0.150135, 0.071555, 0.160623, 0.249858, 6.000000, 42.344059,yes
0.047061, 0.102799, 0.082447, 0.089740, 0.295179, 6.000000, 50.017056,yes
0.027635, 0.254356, 0.044660, 0.131075, 0.310852, 6.000000, 38.727401,yes
0.042131, 0.106908, 0.104017, 0.218858, 0.171402, 6.000000, 44.606416,yes
0.047725, 0.167736, 0.109743, 0.108343, 0.266206, 6.000000, 42.166883,yes
0.039978, 0.121171, 0.053436, 0.180428, 0.226737, 6.000000, 44.836895,yes
0.029728, 0.124233, 0.077853, 0.197451, 0.275262, 6.000000, 46.845216,yes
0.020411, 0.176791, 0.060075, 0.175237, 0.275631, 6.000000, 40.879137,yes
0.084235, 0.146299, 0.076235, 0.162682, 0.271668, 6.000000, 43.363181,yes
0.038903, 0.122112, 0.054199, 0.105392, 0.258436, 6.000000, 50.263769,yes
0.032039, 0.174622, 0.032555, 0.109699, 0.303292, 6.000000, 47.061680,yes
0.028404, 0.135090, 0.085476, 0.141466, 0.343286, 6.000000, 40.809848,yes
0.049820, 0.230345, 0.027522, 0.106329, 0.281650, 6.000000, 44.047266,yes
0.021457, 0.188836, 0.052958, 0.070240, 0.238843, 6.000000, 49.730812,yes
0.070371, 0.142855, 0.063298, 0.166834, 0.180140, 6.000000, 44.263885,yes
0.050306, 0.171193, 0.057328, 0.161121, 0.271265, 6.000000, 42.444884,yes
0.063609, 0.073610, 0.023916, 0.118606, 0.224945, 85.000000, 53.530254,yes
0.028830, 0.110560, 0.045634, 0.135590, 0.360580, 6.000000, 48.949710,yes
0.039282, 0.202160, 0.097536, 0.139597, 0.227542, 6.000000, 42.476697,yes
0.021769, 0.179452, 0.064962, 0.138857, 0.257219, 6.000000, 45.532804,yes
0.064626, 0.105057, 0.055620, 0.178928, 0.279496, 6.000000, 48.808163,yes
0.048104, 0.140624, 0.080175, 0.118404, 0.243734, 6.000000, 45.354170,yes
0.034278, 0.096646, 0.076898, 0.133657, 0.234116, 46.000000, 47.936993,yes
0.031462, 0.199908, 0.074845, 0.131762, 0.289980, 6.000000, 43.213663,yes
0.045691, 0.168084, 0.058701, 0.136975, 0.309956, 6.000000, 43.453650,yes
0.048857, 0.119017, 0.069288, 0.153646, 0.274851, 6.000000, 47.135684,yes
0.035763, 0.189379, 0.068359, 0.217009, 0.177313, 6.000000, 40.766706,yes
0.039583, 0.096800, 0.055499, 0.186726, 0.264066, 6.000000, 46.245207,yes
0.038242, 0.154713, 0.050962, 0.150713, 0.266436, 6.000000, 45.301438,yes
0.103927, 0.179333, 0.046169, 0.090729, 0.320181, 6.000000, 41.561177,yes
0.046875, 0.243494, 0.045675, 0.102627, 0.268682, 6.000000, 42.133928,yes
0.039401, 0.170445, 0.069129, 0.160995, 0.257139, 6.000000, 43.217515,yes
0.018764, 0.103133, 0.035287, 0.128445, 0.314147, 6.000000, 48.465476,yes
0.032840, 0.099416, 0.058318, 0.137468, 0.246024, 6.000000, 47.746129,yes
0.026857, 0.206346, 0.068814, 0.181669, 0.223776, 6.000000, 40.118532,yes
0.053389, 0.119177, 0.047384, 0.168210, 0.210484, 100.000000, 51.295783,yes
0.025368, 0.164664, 0.028507, 0.154399, 0.307190, 6.000000, 44.976297,yes
0.042226, 0.194917, 0.079081, 0.140878, 0.210464, 6.000000, 41.985849,yes
0.027724, 0.166523, 0.088856, 0.149148, 0.264199, 6.000000, 43.353255,yes
0.042454, 0.182526, 0.043265, 0.207531, 0.242652, 6.000000, 42.371493,yes
0.034079, 0.090295, 0.034359, 0.158947, 0.344432, 6.000000, 47.620287,yes
0.041499, 0.126458, 0.088386, 0.103884, 0.266830, 6.000000, 46.604269,yes
0.040069, 0.103090, 0.018189, 0.148468, 0.331448, 6.000000, 51.015746,yes
0.009612, 0.223718, 0.038575, 0.182376, 0.267064, 6.000000, 41.105411,yes
0.023029, 0.188887, 0.052306, 0.167103, 0.307435, 6.000000, 42.022316,yes
0.014066, 0.209440, 0.041746, 0.137689, 0.230072, 6.000000, 44.067892,yes
0.052945, 0.118099, 0.053963, 0.128757, 0.312118, 6.000000, 48.404251,yes
0.059519, 0.129947, 0.059237, 0.151948, 0.247578, 6.000000, 44.653985,yes
0.034188, 0.203313, 0.066042, 0.139056, 0.269973, 6.000000, 42.277667,yes
0.017200, 0.156748, 0.073748, 0.206846, 0.274735, 6.000000, 42.584932,yes
0.058198, 0.132920, 0.101914, 0.150117, 0.196892, 6.000000, 44.368352,yes
0.013174, 0.186290, 0.047834, 0.205252, 0.230581, 6.000000, 43.182047,yes
0.016778, 0.137313, 0.062840, 0.161823, 0.301932, 6.000000, 46.386675,yes
0.037802, 0.133709, 0.037299, 0.162345, 0.272483, 6.000000, 45.738939,yes
0.024858, 0.174218, 0.034490, 0.134744, 0.320063, 6.000000, 46.088421,yes
0.023412, 0.129387, 0.079368, 0.185774, 0.265820, 6.000000, 46.163437,yes
0.025973, 0.174190, 0.092048, 0.174803, 0.229359, 6.000000, 44.411384,yes
0.019932, 0.129788, 0.023929, 0.129012, 0.291395, 6.000000, 49.788696,yes
0.026669, 0.123649, 0.026915, 0.195796, 0.284390, 6.000000, 45.885928,yes
0.024755, 0.144896, 0.048192, 0.168702, 0.194358, 6.000000, 44.699746,yes
0.040398, 0.180430, 0.081415, 0.195401, 0.223008, 6.000000, 44.123633,yes
0.054412, 0.201717, 0.078335, 0.123300, 0.196765, 6.000000, 45.956932,yes
0.037133, 0.173178, 0.097523, 0.133366, 0.301069, 6.000000, 40.461524,yes
0.074514, 0.215341, 0.050431, 0.179651, 0.314789, 6.000000, 36.143896,yes
0.047486, 0.128963, 0.068002, 0.141388, 0.294915, 6.000000, 46.336416,yes
0.037420, 0.140829, 0.083899, 0.145438, 0.231477, 6.000000, 45.699897,yes
0.017897, 0.119867, 0.053148, 0.179863, 0.267220, 6.000000, 48.057716,yes
0.006814, 0.152148, 0.054787, 0.151715, 0.364637, 6.000000, 45.602249,yes
0.040179, 0.104538, 0.062612, 0.161245, 0.230505, 6.000000, 44.934533,yes
0.019838, 0.170170, 0.056353, 0.155545, 0.263754, 6.000000, 43.353286,yes
0.075834, 0.166379, 0.057233, 0.114060, 0.202399, 6.000000, 45.261755,yes
0.041187, 0.186753, 0.088189, 0.158088, 0.291181, 6.000000, 38.172629,yes
0.043298, 0.068834, 0.069487, 0.170022, 0.216123, 0.000000, 43.407118,yes
0.011695, 0.171230, 0.072411, 0.126086, 0.311132, 6.000000, 44.180001,yes
0.051534, 0.152887, 0.035797, 0.181979, 0.317694, 6.000000, 44.192544,yes
0.032156, 0.118450, 0.044920, 0.185764, 0.285564, 6.000000, 44.386896,yes
0.039806, 0.100687, 0.045947, 0.207928, 0.286376, 6.000000, 45.748842,yes
0.025645, 0.117117, 0.039766, 0.189094, 0.290618, 6.000000, 45.744332,yes
0.026631, 0.205168, 0.043504, 0.172292, 0.261918, 6.000000, 42.339725,yes
0.012573, 0.191841, 0.033834, 0.146212, 0.246597, 6.000000, 46.375501,yes
0.035556, 0.186436, 0.010771, 0.220213, 0.253249, 6.000000, 40.734688,yes
0.015895, 0.119657, 0.040166, 0.099825, 0.301999, 6.000000, 51.522647,yes
0.021417, 0.260327, 0.068825, 0.126430, 0.216415, 6.000000, 40.794450,yes
0.037500, 0.166349, 0.043085, 0.138782, 0.246001, 6.000000, 48.382091,yes
0.020385, 0.239593, 0.065533, 0.205045, 0.181509, 6.000000, 41.068490,yes
0.025073, 0.138630, 0.066097, 0.166012, 0.220029, 6.000000, 45.199800,yes
0.032786, 0.209782, 0.067354, 0.159395, 0.279505, 6.000000, 42.676920,yes
0.018356, 0.121970, 0.028227, 0.117816, 0.357822, 6.000000, 50.358119,yes
0.018697, 0.231057, 0.037020, 0.250699, 0.242625, 6.000000, 40.323505,yes
0.027548, 0.138204, 0.119768, 0.155220, 0.350286, 6.000000, 40.466077,yes
0.038960, 0.215839, 0.153093, 0.111874, 0.261764, 6.000000, 38.791109,yes
0.024101, 0.185965, 0.058327, 0.109422, 0.226892, 6.000000, 47.346279,yes
0.017300, 0.163146, 0.080077, 0.167358, 0.229697, 6.000000, 44.354666,yes
0.031067, 0.189170, 0.112388, 0.111434, 0.249241, 6.000000, 43.061288,yes
0.024003, 0.113036, 0.097305, 0.164549, 0.316819, 6.000000, 45.468399,yes
0.074495, 0.132361, 0.052209, 0.296551, 0.199060, 6.000000, 41.219166,yes
0.036190, 0.153918, 0.056272, 0.157299, 0.212542, 6.000000, 46.912881,yes
0.037996, 0.130330, 0.118062, 0.180450, 0.203720, 6.000000, 44.147043,yes
0.038031, 0.120449, 0.044569, 0.193436, 0.207948, 6.000000, 47.378779,yes
0.055354, 0.215375, 0.050119, 0.120441, 0.282191, 6.000000, 41.984100,yes
0.050439, 0.178352, 0.109418, 0.067398, 0.304423, 6.000000, 41.179173,yes
0.023650, 0.079599, 0.068542, 0.128412, 0.329577, 6.000000, 49.112289,yes
0.064435, 0.196266, 0.041675, 0.192646, 0.214450, 6.000000, 41.064021,yes
0.017697, 0.109748, 0.057914, 0.181057, 0.321130, 6.000000, 46.488505,yes
0.026893, 0.127610, 0.111860, 0.140708, 0.300848, 6.000000, 44.021306,yes
0.051973, 0.156845, 0.053301, 0.148381, 0.298812, 6.000000, 44.636989,yes
0.006972, 0.112582, 0.089160, 0.152752, 0.346153, 6.000000, 43.019419,yes
0.025652, 0.147947, 0.065121, 0.156826, 0.206270, 6.000000, 48.300424,yes
0.019114, 0.168514, 0.085120, 0.156338, 0.280073, 6.000000, 46.382743,yes
0.036403, 0.143999, 0.025746, 0.145841, 0.281880, 6.000000, 49.245733,yes
0.016887, 0.148944, 0.024235, 0.153602, 0.328600, 6.000000, 45.086671,yes
0.039313, 0.164692, 0.055456, 0.152062, 0.299092, 6.000000, 46.537905,yes
0.058854, 0.114995, 0.051344, 0.197840, 0.295730, 16.000000, 40.947513,yes
0.016708, 0.097839, 0.080605, 0.168207, 0.283603, 6.000000, 48.104881,yes
0.025520, 0.092958, 0.048764, 0.204240, 0.281071, 6.000000, 47.046091,yes
0.065698, 0.142989, 0.056225, 0.130254, 0.261970, 6.000000, 44.488813,yes
0.050119, 0.103414, 0.039656, 0.104507, 0.313653, 6.000000, 49.384720,yes
0.041477, 0.162714, 0.068826, 0.172366, 0.267049, 6.000000, 41.986519,yes
0.020535, 0.119488, 0.059810, 0.068905, 0.395577, 6.000000, 48.030446,yes
0.019033, 0.121549, 0.098250, 0.172893, 0.223116, 6.000000, 46.666971,yes
0.059887, 0.147341, 0.045345, 0.138056, 0.280026, 6.000000, 46.452376,yes
0.037486, 0.143749, 0.073700, 0.159774, 0.282443, 6.000000, 47.228661,yes
0.021919, 0.169140, 0.071393, 0.097049, 0.338975, 6.000000, 45.322955,yes
0.023132, 0.138350, 0.077141, 0.107514, 0.300578, 6.000000, 45.691840,yes
0.030582, 0.204331, 0.084818, 0.198529, 0.231507, 6.000000, 37.388400,yes
0.058599, 0.176513, 0.027248, 0.165636, 0.241511, 6.000000, 47.333516,yes
0.027570, 0.150096, 0.065103, 0.182755, 0.226084, 6.000000, 41.537574,yes
0.052641, 0.182348, 0.063422, 0.175360, 0.300065, 6.000000, 39.846024,yes
0.071493, 0.168007, 0.020929, 0.136153, 0.315674, 6.000000, 43.056102,yes
0.048588, 0.188573, 0.025778, 0.156405, 0.212736, 6.000000, 47.409688,yes
0.032068, 0.088705, 0.081700, 0.166838, 0.322644, 55.000000, 46.484726,yes
0.065461, 0.205914, 0.059284, 0.099615, 0.261915, 7.000000, 47.594930,yes
0.018994, 0.118709, 0.037345, 0.137039, 0.311086, 6.000000, 49.922857,yes
0.041621, 0.161894, 0.091216, 0.224898, 0.237948, 6.000000, 40.174854,yes
0.031859, 0.137791, 0.042592, 0.134758, 0.257848, 6.000000, 44.598158,yes
0.034906, 0.179803, 0.099774, 0.150941, 0.264339, 6.000000, 40.313597,yes
0.035126, 0.108365, 0.069198, 0.140811, 0.320777, 6.000000, 45.027292,yes
0.045717, 0.112908, 0.060032, 0.148557, 0.334391, 6.000000, 45.135742,yes
0.029162, 0.157737, 0.035768, 0.178532, 0.228445, 6.000000, 45.313648,yes
0.061912, 0.107797, 0.039495, 0.111532, 0.324445, 6.000000, 47.566752,yes
0.059218, 0.151577, 0.033826, 0.135024, 0.290223, 6.000000, 42.688537,yes
0.018788, 0.147573, 0.057227, 0.218506, 0.252207, 6.000000, 42.837270,yes
0.014795, 0.209397, 0.042966, 0.125300, 0.267734, 6.000000, 42.750812,yes
0.040672, 0.179038, 0.050227, 0.119161, 0.233894, 6.000000, 46.166638,yes
0.027308, 0.111404, 0.073759, 0.155862, 0.267358, 6.000000, 46.682693,yes
0.011480, 0.202684, 0.023541, 0.163445, 0.241591, 6.000000, 45.108432,yes
0.036322, 0.149337, 0.086077, 0.138969, 0.199460, 6.000000, 46.915150,yes
0.076086, 0.081653, 0.065185, 0.141964, 0.260517, 82.000000, 48.835023,yes
0.034546, 0.149195, 0.031086, 0.163417, 0.178075, 6.000000, 42.983397,yes
0.019642, 0.201658, 0.040534, 0.168229, 0.217345, 6.000000, 45.085123,yes
0.033003, 0.100243, 0.047110, 0.133820, 0.331111, 6.000000, 48.617569,yes
0.015580, 0.215674, 0.075268, 0.143627, 0.215997, 6.000000, 44.212226,yes
0.045179, 0.274236, 0.036522, 0.127306, 0.274748, 6.000000, 39.652641,yes
0.008872, 0.102372, 0.081170, 0.217567, 0.277847, 6.000000, 44.853229,yes
0.021725, 0.114428, 0.062010, 0.220508, 0.253437, 6.000000, 45.591967,yes
0.035028, 0.133868, 0.076858, 0.210700, 0.380987, 6.000000, 40.827714,yes
0.040543, 0.160850, 0.077410, 0.196080, 0.290596, 6.000000, 40.272717,yes
0.016131, 0.149863, 0.022755, 0.155391, 0.290033, 6.000000, 45.252369,yes
0.028012, 0.179335, 0.030134, 0.135637, 0.286851, 6.000000, 45.557079,yes
0.012492, 0.104633, 0.055520, 0.141546, 0.355912, 6.000000, 48.020104,yes
0.041630, 0.164174, 0.062612, 0.159712, 0.264667, 6.000000, 44.498730,yes
0.024066, 0.155070, 0.050894, 0.138034, 0.298852, 6.000000, 45.509032,yes
0.064626, 0.087969, 0.028612, 0.197146, 0.309498, 6.000000, 44.270315,yes
0.034282, 0.089242, 0.067553, 0.124257, 0.254105, 100.000000, 53.653488,yes
0.018155, 0.210722, 0.017137, 0.144663, 0.297565, 6.000000, 40.808996,yes
0.041458, 0.106343, 0.056657, 0.192924, 0.271909, 6.000000, 47.433656,yes
0.034653, 0.134573, 0.058727, 0.249963, 0.297623, 6.000000, 40.566727,yes
0.008651, 0.120757, 0.035663, 0.128955, 0.258779, 6.000000, 53.641267,yes
0.026105, 0.086555, 0.035274, 0.151913, 0.329492, 6.000000, 49.786965,yes
0.034324, 0.180810, 0.029301, 0.218872, 0.179797, 6.000000, 43.968487,yes
0.075487, 0.150231, 0.047151, 0.125178, 0.271259, 6.000000, 45.407440,yes
0.024694, 0.107187, 0.039757, 0.146422, 0.315270, 6.000000, 47.305171,yes
0.066801, 0.151546, 0.073765, 0.170251, 0.250146, 6.000000, 40.940589,yes
0.043226, 0.227500, 0.044161, 0.121829, 0.269133, 6.000000, 42.995833,yes
0.016747, 0.079702, 0.049981, 0.194365, 0.359175, 6.000000, 46.913262,yes
0.037408, 0.197223, 0.033348, 0.165057, 0.272662, 6.000000, 42.745216,yes
0.061594, 0.157427, 0.060007, 0.160920, 0.207052, 6.000000, 46.509006,yes
0.040681, 0.168157, 0.078359, 0.175936, 0.287064, 6.000000, 43.729502,yes
0.015314, 0.164811, 0.045161, 0.150758, 0.214011, 6.000000, 48.904335,yes
0.021601, 0.216003, 0.044295, 0.181068, 0.289179, 6.000000, 40.880085,yes
0.029308, 0.127576, 0.074769, 0.129147, 0.226391, 6.000000, 50.808473,yes
0.049424, 0.178929, 0.071755, 0.134688, 0.374458, 6.000000, 41.223648,yes
0.035527, 0.200211, 0.065751, 0.149476, 0.224361, 6.000000, 41.888476,yes
0.029598, 0.157229, 0.123589, 0.168886, 0.317275, 6.000000, 42.582580,yes
0.097031, 0.144947, 0.035548, 0.166768, 0.315302, 6.000000, 41.943657,yes
0.018522, 0.184929, 0.044980, 0.176768, 0.301124, 6.000000, 44.308301,yes
0.031761, 0.098888, 0.055674, 0.142983, 0.287008, 6.000000, 52.099264,yes
0.042954, 0.182434, 0.048496, 0.159979, 0.328542, 6.000000, 40.748393,yes
0.017447, 0.215631, 0.077236, 0.148369, 0.274970, 6.000000, 41.171415,yes
0.025223, 0.153706, 0.059497, 0.171991, 0.262372, 6.000000, 45.668312,yes
0.016870, 0.118281, 0.056349, 0.164420, 0.275970, 6.000000, 45.538476,yes
0.080574, 0.109215, 0.020513, 0.151247, 0.281985, 6.000000, 48.017073,yes
0.015020, 0.091118, 0.065019, 0.164116, 0.344871, 6.000000, 48.428710,yes
0.023099, 0.211142, 0.108066, 0.227968, 0.220519, 6.000000, 37.842430,yes
0.140356, 0.204383, 0.046226, 0.133782, 0.230813, 6.000000, 41.476961,yes
0.059498, 0.183026, 0.069997, 0.126048, 0.213682, 6.000000, 42.163645,yes
0.024413, 0.201226, 0.050859, 0.086216, 0.328900, 6.000000, 42.504321,yes
0.051911, 0.188720, 0.027050, 0.193775, 0.202585, 6.000000, 41.721177,yes
0.036962, 0.157280, 0.079956, 0.170169, 0.263226, 6.000000, 43.543779,yes
0.044563, 0.233979, 0.099186, 0.168769, 0.225981, 6.000000, 40.873230,yes
0.048646, 0.168356, 0.107297, 0.149436, 0.237926, 6.000000, 40.204147,yes
0.052673, 0.155272, 0.047500, 0.147587, 0.273935, 6.000000, 48.444875,yes
0.040335, 0.107514, 0.082502, 0.145613, 0.326688, 6.000000, 45.761909,yes
0.039531, 0.066574, 0.133243, 0.169023, 0.310554, 10.000000, 44.908296,no
0.018776, 0.031584, 0.174816, 0.186757, 0.267761, 10.000000, 46.780969,no
0.025681, 0.018368, 0.090808, 0.238085, 0.239612, 10.000000, 47.687787,no
0.041646, 0.031004, 0.175692, 0.146054, 0.237459, 10.000000, 46.050077,no
0.019315, 0.011347, 0.164977, 0.146845, 0.293126, 10.000000, 47.968966,no
0.052252, 0.021529, 0.202943, 0.159373, 0.258689, 10.000000, 44.518203,no
0.040649, 0.043662, 0.293609, 0.144001, 0.246023, 10.000000, 39.843201,no
0.046568, 0.045655, 0.194287, 0.143565, 0.221753, 10.000000, 47.292142,no
0.042767, 0.047986, 0.161894, 0.100105, 0.240478, 10.000000, 47.785369,no
0.017823, 0.024931, 0.071928, 0.166307, 0.308745, 10.000000, 54.250335,no
0.068735, 0.013863, 0.259663, 0.148152, 0.212388, 10.000000, 41.371575,no
0.050335, 0.065390, 0.101870, 0.241899, 0.256611, 32.000000, 45.422738,no
0.063355, 0.035539, 0.149356, 0.190994, 0.229185, 10.000000, 44.017874,no
0.057590, 0.074999, 0.099426, 0.125310, 0.319545, 10.000000, 46.521188,no
0.012219, 0.055780, 0.198849, 0.183353, 0.321865, 10.000000, 41.034569,no
0.020254, 0.016992, 0.150439, 0.166387, 0.284807, 10.000000, 48.111006,no
0.017646, 0.039695, 0.154209, 0.163293, 0.268313, 10.000000, 49.645994,no
0.024123, 0.026671, 0.131082, 0.129063, 0.268923, 10.000000, 52.073696,no
0.039060, 0.040723, 0.156577, 0.180714, 0.272723, 10.000000, 43.897803,no
0.022339, 0.088087, 0.115905, 0.140095, 0.353344, 10.000000, 45.993996,no
0.049160, 0.059157, 0.152313, 0.145487, 0.280064, 10.000000, 46.232062,no
0.032937, 0.024893, 0.104551, 0.252470, 0.274926, 15.000000, 46.543065,no
0.081200, 0.024312, 0.086510, 0.154898, 0.298604, 10.000000, 49.195144,no
0.018979, 0.026542, 0.262518, 0.258443, 0.165361, 10.000000, 38.506802,no
0.046779, 0.091964, 0.132627, 0.192372, 0.199226, 10.000000, 43.813254,no
0.027433, 0.029279, 0.142847, 0.215403, 0.245289, 10.000000, 44.972561,no
0.041647, 0.020544, 0.196415, 0.145041, 0.299032, 10.000000, 43.791309,no
0.041601, 0.040160, 0.171067, 0.180614, 0.224335, 10.000000, 43.500488,no
0.022249, 0.041936, 0.173530, 0.166032, 0.226045, 10.000000, 49.046121,no
0.046306, 0.050335, 0.161112, 0.161078, 0.354784, 10.000000, 40.963623,no
0.022491, 0.036477, 0.136672, 0.159278, 0.304844, 10.000000, 48.359935,no
0.047935, 0.058508, 0.155581, 0.159491, 0.227664, 10.000000, 47.960599,no
0.024077, 0.025934, 0.135516, 0.190550, 0.331282, 10.000000, 46.107333,no
0.049076, 0.070038, 0.226243, 0.138417, 0.220756, 10.000000, 39.878249,no
0.023199, 0.016305, 0.172811, 0.266823, 0.230682, 10.000000, 42.953669,no
0.019544, 0.049539, 0.123635, 0.198340, 0.302252, 10.000000, 43.010512,no
0.014073, 0.022912, 0.222497, 0.119491, 0.219446, 10.000000, 46.503440,no
0.020423, 0.044101, 0.163595, 0.156384, 0.266462, 10.000000, 50.410037,no
0.069313, 0.096897, 0.133345, 0.190787, 0.293979, 10.000000, 45.419567,no
0.033821, 0.046300, 0.147150, 0.181645, 0.262982, 10.000000, 47.019126,no
0.036596, 0.026015, 0.133756, 0.086865, 0.321061, 10.000000, 49.146707,no
0.032579, 0.022012, 0.207948, 0.204840, 0.235251, 10.000000, 40.952856,no
0.057751, 0.057463, 0.180837, 0.160804, 0.234114, 10.000000, 41.508891,no
0.056615, 0.059482, 0.174322, 0.120892, 0.238045, 10.000000, 45.414502,no
0.015704, 0.039513, 0.225587, 0.136466, 0.289460, 10.000000, 44.613286,no
0.027663, 0.033080, 0.146894, 0.194678, 0.229160, 10.000000, 49.907674,no
0.023861, 0.039072, 0.130253, 0.184805, 0.258421, 10.000000, 49.723660,no
0.037896, 0.020636, 0.164322, 0.148694, 0.228894, 10.000000, 50.202504,no
0.038337, 0.052770, 0.216590, 0.160855, 0.264869, 10.000000, 41.534641,no
0.024337, 0.026659, 0.135415, 0.171585, 0.293325, 10.000000, 46.087350,no
0.027330, 0.051221, 0.182280, 0.182336, 0.223591, 10.000000, 43.594708,no
0.047942, 0.011842, 0.170064, 0.124411, 0.307867, 10.000000, 44.438538,no
0.044923, 0.043292, 0.185418, 0.160287, 0.184283, 10.000000, 45.736490,no
0.045466, 0.032101, 0.123644, 0.205757, 0.223693, 10.000000, 45.525508,no
0.037079, 0.053631, 0.223509, 0.197457, 0.282588, 10.000000, 40.985613,no
0.076259, 0.041852, 0.160040, 0.108925, 0.229854, 10.000000, 45.480839,no
0.042863, 0.050802, 0.115965, 0.149652, 0.280403, 10.000000, 46.778452,no
0.045472, 0.054721, 0.129591, 0.128542, 0.215726, 10.000000, 51.161694,no
0.035862, 0.031384, 0.115048, 0.119341, 0.292488, 10.000000, 51.797480,no
0.039734, 0.040836, 0.039202, 0.163783, 0.350728, 20.000000, 50.254621,no
0.016456, 0.043964, 0.210707, 0.162589, 0.236563, 10.000000, 45.650503,no
0.031015, 0.037902, 0.154211, 0.185921, 0.277331, 10.000000, 40.541912,no
0.078993, 0.082686, 0.124859, 0.189864, 0.262616, 10.000000, 44.367568,no
0.050971, 0.098651, 0.129390, 0.121354, 0.317523, 10.000000, 45.627666,no
0.034615, 0.013115, 0.192652, 0.124295, 0.307814, 10.000000, 45.756706,no
0.018879, 0.030705, 0.124321, 0.139067, 0.326250, 10.000000, 48.298931,no
0.026806, 0.042706, 0.150668, 0.163288, 0.230736, 10.000000, 48.264803,no
0.038132, 0.026440, 0.180738, 0.166133, 0.274848, 10.000000, 41.463977,no
0.044954, 0.044083, 0.166135, 0.202617, 0.195234, 10.000000, 41.514205,no
0.015552, 0.024931, 0.192684, 0.140213, 0.297593, 10.000000, 47.025398,no
0.032663, 0.034693, 0.084062, 0.200104, 0.237968, 10.000000, 50.436105,no
0.025313, 0.030203, 0.160697, 0.194948, 0.237280, 10.000000, 46.759766,no
0.035766, 0.076296, 0.126551, 0.156729, 0.328899, 10.000000, 43.726366,no
0.014489, 0.040949, 0.216410, 0.173434, 0.342030, 10.000000, 40.714827,no
0.058552, 0.048146, 0.147420, 0.129821, 0.324622, 10.000000, 44.710380,no
0.019814, 0.062959, 0.182904, 0.116502, 0.311637, 10.000000, 47.594433,no
0.033548, 0.038857, 0.194197, 0.136636, 0.271380, 10.000000, 44.424453,no
0.025434, 0.034928, 0.202341, 0.160920, 0.293588, 10.000000, 44.124118,no
0.036867, 0.027167, 0.165335, 0.128532, 0.331327, 10.000000, 44.856905,no
0.043313, 0.056133, 0.108154, 0.179930, 0.325596, 10.000000, 46.372163,no
0.032344, 0.050975, 0.179504, 0.188422, 0.214643, 10.000000, 45.246686,no
0.035413, 0.078492, 0.087946, 0.156556, 0.212133, 78.000000, 53.007602,no
0.041917, 0.064431, 0.158767, 0.137100, 0.318934, 10.000000, 46.051828,no
0.036543, 0.055128, 0.224589, 0.129364, 0.206850, 10.000000, 43.509025,no
0.039755, 0.065397, 0.222194, 0.150794, 0.243347, 10.000000, 42.726220,no
0.014960, 0.049844, 0.160319, 0.177025, 0.347323, 10.000000, 42.107353,no
0.051111, 0.037228, 0.203247, 0.148380, 0.222620, 10.000000, 44.029063,no
0.034485, 0.056713, 0.178869, 0.183115, 0.237843, 10.000000, 46.175843,no
0.040091, 0.046813, 0.177253, 0.215893, 0.242463, 10.000000, 39.216117,no
0.012720, 0.019782, 0.191038, 0.141312, 0.277952, 10.000000, 49.203636,no
0.050626, 0.043027, 0.157721, 0.185352, 0.245681, 10.000000, 44.443162,no
0.024169, 0.024846, 0.247934, 0.175431, 0.229741, 10.000000, 43.435778,no
0.024974, 0.023619, 0.133624, 0.169956, 0.301733, 10.000000, 47.901040,no
0.026217, 0.033632, 0.123176, 0.207578, 0.284268, 10.000000, 44.489499,no
0.079687, 0.112070, 0.197050, 0.139840, 0.221357, 10.000000, 41.544214,no
0.036107, 0.055714, 0.068033, 0.166108, 0.264919, 10.000000, 50.096698,no
0.026161, 0.029443, 0.146456, 0.147125, 0.215065, 10.000000, 49.300400,no
0.008804, 0.015454, 0.195890, 0.197481, 0.277017, 10.000000, 44.814325,no
0.048826, 0.071721, 0.123270, 0.157310, 0.334802, 10.000000, 44.900805,no
0.069413, 0.087356, 0.152567, 0.159822, 0.246799, 10.000000, 44.006206,no
0.025619, 0.051237, 0.204477, 0.196080, 0.313612, 10.000000, 38.152486,no
0.018827, 0.038588, 0.180765, 0.147762, 0.309441, 10.000000, 43.125538,no
0.026164, 0.051758, 0.098380, 0.168163, 0.286438, 10.000000, 52.789991,no
0.050409, 0.051229, 0.096007, 0.150217, 0.339398, 10.000000, 48.922958,no
0.036578, 0.031691, 0.142811, 0.211527, 0.334004, 10.000000, 41.409719,no
0.025930, 0.069313, 0.169089, 0.169418, 0.284004, 10.000000, 44.392051,no
0.054103, 0.110043, 0.171486, 0.165861, 0.265223, 10.000000, 41.255112,no
0.032169, 0.027127, 0.209562, 0.153731, 0.239735, 10.000000, 45.064714,no
0.018620, 0.042103, 0.177989, 0.157403, 0.214699, 10.000000, 47.057156,no
0.034450, 0.046179, 0.128753, 0.201097, 0.211673, 10.000000, 46.754708,no
0.028822, 0.059928, 0.208279, 0.141033, 0.260565, 10.000000, 41.984045,no
0.016292, 0.059360, 0.200255, 0.199981, 0.337398, 10.000000, 42.793359,no
0.045093, 0.044667, 0.157438, 0.143627, 0.333545, 10.000000, 44.930350,no
0.067032, 0.042584, 0.136069, 0.226315, 0.149909, 10.000000, 42.695400,no
0.031172, 0.034357, 0.181123, 0.148711, 0.309696, 10.000000, 44.951558,no
0.032213, 0.068409, 0.193360, 0.159519, 0.242902, 10.000000, 43.603999,no
0.018826, 0.051128, 0.180281, 0.155753, 0.291848, 10.000000, 47.888649,no
0.031114, 0.041491, 0.194588, 0.166080, 0.261072, 10.000000, 43.714221,no
0.081122, 0.058812, 0.220978, 0.169427, 0.208814, 10.000000, 39.982587,no
0.011877, 0.023474, 0.148495, 0.207032, 0.215027, 10.000000, 42.871603,no
0.070268, 0.057759, 0.159565, 0.130418, 0.346362, 10.000000, 41.121168,no
0.022844, 0.033506, 0.199676, 0.157164, 0.259145, 10.000000, 43.599835,no
0.007566, 0.041724, 0.211727, 0.174119, 0.212525, 10.000000, 41.488942,no
0.017038, 0.057719, 0.157980, 0.151691, 0.303853, 10.000000, 45.677754,no
0.008197, 0.034175, 0.181613, 0.160934, 0.246118, 10.000000, 48.493196,no
0.028091, 0.020719, 0.128076, 0.155103, 0.316509, 10.000000, 44.266150,no
0.031262, 0.028841, 0.233405, 0.167409, 0.249777, 10.000000, 42.322505,no
0.066815, 0.050440, 0.097746, 0.218100, 0.308359, 10.000000, 39.528206,no
0.036287, 0.063682, 0.236987, 0.193210, 0.205873, 10.000000, 41.874157,no
0.053578, 0.014648, 0.229414, 0.180772, 0.256206, 10.000000, 39.566773,no
0.040664, 0.068372, 0.152853, 0.178935, 0.294458, 10.000000, 41.045333,no
0.036577, 0.036355, 0.113716, 0.157741, 0.271558, 10.000000, 49.312454,no
0.016384, 0.043368, 0.192603, 0.192404, 0.221015, 10.000000, 45.141006,no
0.027755, 0.038230, 0.148375, 0.138187, 0.292344, 10.000000, 44.456605,no
0.039743, 0.025133, 0.115220, 0.173085, 0.321881, 10.000000, 48.578930,no
0.018407, 0.014776, 0.166609, 0.160427, 0.315306, 10.000000, 45.389903,no
0.101393, 0.026992, 0.121558, 0.133272, 0.226818, 10.000000, 47.428575,no
0.017608, 0.022634, 0.183730, 0.183588, 0.297100, 10.000000, 44.013613,no
0.019690, 0.056727, 0.161095, 0.118330, 0.235668, 10.000000, 48.307559,no
0.041835, 0.025677, 0.199612, 0.133302, 0.241138, 10.000000, 46.240093,no
0.034589, 0.063374, 0.148623, 0.158254, 0.283790, 10.000000, 45.693944,no
0.031478, 0.042983, 0.215781, 0.122406, 0.286473, 10.000000, 44.763955,no
0.033467, 0.067757, 0.144943, 0.165022, 0.269446, 10.000000, 46.451063,no
0.026960, 0.035711, 0.228665, 0.163540, 0.265797, 10.000000, 39.496142,no
0.088224, 0.091015, 0.149168, 0.190482, 0.291973, 10.000000, 39.272075,no
0.040286, 0.070375, 0.162803, 0.169261, 0.264198, 10.000000, 47.960795,no
0.022280, 0.041780, 0.082387, 0.242691, 0.255776, 10.000000, 47.841697,no
0.033394, 0.053513, 0.200089, 0.133308, 0.245453, 10.000000, 45.665878,no
0.041147, 0.044106, 0.213804, 0.125703, 0.244186, 10.000000, 44.257403,no
0.032085, 0.060842, 0.086000, 0.253744, 0.296371, 10.000000, 44.394959,no
0.034894, 0.083938, 0.170237, 0.212271, 0.236439, 10.000000, 39.897664,no
0.039223, 0.039250, 0.139433, 0.122107, 0.229562, 10.000000, 49.117480,no
0.023982, 0.040896, 0.143890, 0.207826, 0.282545, 10.000000, 44.049340,no
0.042334, 0.047458, 0.175046, 0.116631, 0.362603, 10.000000, 41.292841,no
0.025097, 0.087545, 0.231471, 0.165832, 0.254881, 10.000000, 39.258217,no
0.023179, 0.036658, 0.155878, 0.108258, 0.351951, 10.000000, 48.714057,no
0.053386, 0.043276, 0.188566, 0.166550, 0.217805, 10.000000, 42.950819,no
0.027906, 0.036480, 0.130725, 0.151983, 0.294204, 10.000000, 48.919677,no
0.053748, 0.078619, 0.094750, 0.124234, 0.375068, 10.000000, 45.619729,no
0.018941, 0.059632, 0.191416, 0.128912, 0.287963, 10.000000, 44.706519,no
0.023642, 0.042670, 0.191451, 0.282813, 0.205210, 10.000000, 40.873497,no
0.045778, 0.030132, 0.119392, 0.191451, 0.277547, 10.000000, 46.809976,no
0.032960, 0.029281, 0.156134, 0.130081, 0.235073, 10.000000, 48.279432,no
0.067484, 0.069184, 0.152335, 0.127513, 0.251831, 10.000000, 47.826860,no
0.016741, 0.015160, 0.233649, 0.171738, 0.258937, 10.000000, 42.600876,no
0.039486, 0.019118, 0.073348, 0.193934, 0.280451, 10.000000, 50.328431,no
0.071177, 0.023967, 0.176535, 0.203796, 0.250516, 10.000000, 40.730366,no
0.028528, 0.039638, 0.144254, 0.136255, 0.290707, 10.000000, 47.041184,no
0.035392, 0.038056, 0.156828, 0.206432, 0.253165, 10.000000, 43.019334,no
0.057027, 0.045657, 0.122719, 0.113820, 0.349469, 10.000000, 48.494809,no
0.034469, 0.005243, 0.164047, 0.175276, 0.296795, 10.000000, 44.830648,no
0.016805, 0.034392, 0.130991, 0.200181, 0.238458, 10.000000, 44.679393,no
0.047821, 0.017659, 0.116123, 0.139126, 0.296677, 10.000000, 48.195240,no
0.017803, 0.045685, 0.110759, 0.181148, 0.245319, 10.000000, 50.058299,no
0.068201, 0.066861, 0.166421, 0.178429, 0.218235, 10.000000, 42.271851,no
0.039223, 0.023609, 0.141195, 0.215529, 0.260396, 10.000000, 43.776456,no
0.010624, 0.013437, 0.142386, 0.159192, 0.323377, 10.000000, 49.244022,no
0.035439, 0.039975, 0.134299, 0.185778, 0.302272, 10.000000, 44.488804,no
0.052901, 0.061097, 0.103649, 0.135795, 0.251002, 10.000000, 47.668050,no
0.033112, 0.057935, 0.165368, 0.147493, 0.301440, 10.000000, 46.477042,no
0.016927, 0.040541, 0.133853, 0.162763, 0.352352, 10.000000, 45.779302,no
0.049914, 0.030671, 0.152030, 0.147841, 0.283569, 10.000000, 46.763523,no
0.027182, 0.034405, 0.187958, 0.166944, 0.293474, 10.000000, 44.087016,no
0.018092, 0.058916, 0.088957, 0.200243, 0.320364, 10.000000, 47.899855,no
0.028204, 0.054554, 0.138719, 0.218600, 0.295715, 10.000000, 42.128810,no
0.026930, 0.054879, 0.154233, 0.216093, 0.251046, 10.000000, 44.075385,no
0.031517, 0.036324, 0.184961, 0.189343, 0.276362, 10.000000, 43.372045,no
0.015268, 0.048733, 0.195000, 0.145784, 0.302018, 10.000000, 42.760419,no
0.055056, 0.037529, 0.103316, 0.180442, 0.300680, 10.000000, 44.048740,no
0.042129, 0.049697, 0.096636, 0.221544, 0.258301, 10.000000, 46.167268,no
0.023371, 0.093737, 0.167538, 0.139463, 0.194675, 10.000000, 45.890709,no
0.018692, 0.031495, 0.173568, 0.095909, 0.337853, 10.000000, 46.932220,no
0.039581, 0.013362, 0.137734, 0.235319, 0.261339, 10.000000, 45.352320,no
0.048804, 0.070496, 0.204221, 0.177574, 0.223641, 10.000000, 41.096075,no
0.023880, 0.018816, 0.134450, 0.152598, 0.307419, 10.000000, 48.106525,no
0.024080, 0.026541, 0.145297, 0.212489, 0.323533, 10.000000, 43.353457,no
0.070704, 0.043574, 0.165816, 0.155790, 0.242484, 10.000000, 41.996417,no
0.043467, 0.042648, 0.167966, 0.194603, 0.236650, 10.000000, 45.019960,no
0.042598, 0.047376, 0.255103, 0.185917, 0.254110, 10.000000, 38.768474,no
0.053197, 0.046624, 0.080565, 0.197619, 0.334410, 20.000000, 45.248283,no
0.021808, 0.031915, 0.164194, 0.193089, 0.227696, 10.000000, 47.096251,no
0.019550, 0.025733, 0.090602, 0.154149, 0.259101, 10.000000, 49.672216,no
0.064338, 0.040621, 0.136760, 0.079909, 0.253539, 10.000000, 50.178629,no
0.034974, 0.041943, 0.124213, 0.120607, 0.355526, 10.000000, 44.531247,no
0.057968, 0.093171, 0.124936, 0.127307, 0.279432, 10.000000, 43.677660,no
0.020019, 0.028411, 0.214730, 0.189553, 0.272620, 10.000000, 41.653102,no
0.035857, 0.053883, 0.162300, 0.147775, 0.256640, 10.000000, 47.570601,no
0.069646, 0.050421, 0.204885, 0.137604, 0.200466, 10.000000, 39.314104,no
0.060684, 0.064744, 0.124239, 0.123087, 0.298494, 10.000000, 45.793714,no
0.013173, 0.057668, 0.181408, 0.194646, 0.314715, 10.000000, 41.546539,no
0.019878, 0.049053, 0.088666, 0.175676, 0.224866, 10.000000, 50.802061,no
0.012005, 0.044283, 0.179736, 0.114292, 0.377037, 10.000000, 43.800157,no
0.021418, 0.047093, 0.182544, 0.203083, 0.281973, 10.000000, 41.885563,no
0.081869, 0.074819, 0.158939, 0.173781, 0.284073, 10.000000, 42.727207,no
0.034329, 0.028602, 0.161416, 0.166048, 0.301218, 10.000000, 44.704235,no
0.015063, 0.035949, 0.129069, 0.173750, 0.230631, 10.000000, 47.684816,no
0.047899, 0.058035, 0.111712, 0.195733, 0.248325, 10.000000, 45.077619,no
0.024459, 0.035572, 0.184465, 0.167482, 0.255325, 10.000000, 44.385237,no
0.065973, 0.030582, 0.110173, 0.172216, 0.275545, 10.000000, 47.136527,no
0.055411, 0.048540, 0.152126, 0.116584, 0.339825, 10.000000, 44.294752,no
0.022798, 0.099668, 0.099415, 0.149321, 0.220679, 10.000000, 47.615933,no
0.034362, 0.055395, 0.169552, 0.154083, 0.336483, 10.000000, 42.324524,no
0.027371, 0.035065, 0.125415, 0.108535, 0.329267, 10.000000, 50.690568,no
0.044692, 0.071145, 0.117149, 0.201370, 0.279393, 10.000000, 44.883420,no
0.031967, 0.035888, 0.138228, 0.151715, 0.265738, 10.000000, 49.322395,no
0.033448, 0.021362, 0.183338, 0.136507, 0.313906, 10.000000, 44.515768,no
0.034956, 0.069095, 0.112831, 0.113597, 0.297171, 10.000000, 46.977068,no
0.006866, 0.045637, 0.221810, 0.139461, 0.277833, 10.000000, 44.644201,no
0.016047, 0.043647, 0.114979, 0.155262, 0.303907, 10.000000, 49.970012,no
0.026010, 0.021600, 0.127353, 0.140071, 0.286337, 10.000000, 48.262094,no
0.070630, 0.065058, 0.122980, 0.183186, 0.258629, 10.000000, 44.631216,no
0.040791, 0.034973, 0.188161, 0.164349, 0.286554, 10.000000, 43.477077,no
0.032970, 0.077938, 0.168035, 0.181217, 0.300415, 10.000000, 41.336750,no
0.037388, 0.036874, 0.152003, 0.206730, 0.246592, 10.000000, 43.891323,no
0.023462, 0.019006, 0.094081, 0.124801, 0.344560, 10.000000, 45.503350,no
0.040983, 0.047927, 0.099976, 0.125623, 0.256245, 10.000000, 47.743061,no
0.026622, 0.046411, 0.171596, 0.167424, 0.251998, 10.000000, 42.325667,no
0.019718, 0.046175, 0.183578, 0.201889, 0.250109, 10.000000, 45.039519,no
0.023888, 0.060427, 0.138949, 0.187973, 0.250465, 10.000000, 43.887707,no
0.015253, 0.009254, 0.117923, 0.183713, 0.283792, 10.000000, 48.092433,no
0.030967, 0.042993, 0.162504, 0.119187, 0.328428, 10.000000, 45.002664,no
0.055685, 0.023687, 0.124920, 0.137304, 0.308826, 10.000000, 47.497373,no
0.011783, 0.026217, 0.145901, 0.165378, 0.267655, 10.000000, 48.641058,no
0.047781, 0.074578, 0.181262, 0.157616, 0.264778, 10.000000, 43.150355,no
0.015268, 0.026494, 0.171956, 0.172287, 0.279962, 10.000000, 45.264939,no
0.050612, 0.027214, 0.105642, 0.142394, 0.282651, 10.000000, 47.450486,no
0.048776, 0.042040, 0.172392, 0.212448, 0.233419, 10.000000, 41.547920,no
0.042684, 0.025762, 0.188367, 0.163702, 0.256462, 10.000000, 45.158074,no
0.029250, 0.031236, 0.177530, 0.184949, 0.303381, 10.000000, 43.886308,no
0.040434, 0.051434, 0.184850, 0.165826, 0.277075, 10.000000, 42.907617,no
0.038254, 0.029775, 0.115181, 0.214858, 0.284374, 10.000000, 46.102231,no
0.023991, 0.035537, 0.222124, 0.195042, 0.148494, 10.000000, 44.346074,no
0.018055, 0.038549, 0.175246, 0.192269, 0.197564, 10.000000, 45.393774,no
0.033547, 0.048250, 0.246112, 0.124830, 0.266451, 10.000000, 44.170805,no
0.055861, 0.047900, 0.151788, 0.187475, 0.323232, 10.000000, 39.823099,no
0.025511, 0.072248, 0.125223, 0.154018, 0.236181, 10.000000, 48.772531,no
0.048084, 0.031755, 0.132574, 0.174415, 0.275173, 10.000000, 45.040164,no
0.036984, 0.086732, 0.164805, 0.131925, 0.279484, 10.000000, 41.305713,no
0.061851, 0.029304, 0.110393, 0.224342, 0.268217, 10.000000, 45.230004,no
0.036588, 0.033263, 0.180622, 0.162886, 0.286829, 10.000000, 43.280968,no
0.035120, 0.017672, 0.146994, 0.123710, 0.321264, 10.000000, 49.220194,no
0.023973, 0.038053, 0.077672, 0.210366, 0.297903, 10.000000, 46.530799,no
0.010430, 0.013421, 0.135101, 0.188355, 0.329659, 10.000000, 47.165537,no
0.025650, 0.035413, 0.162998, 0.230342, 0.242018, 10.000000, 41.640717,no
0.025262, 0.043379, 0.084851, 0.236821, 0.313730, 10.000000, 46.491149,no
0.068909, 0.072260, 0.140463, 0.179093, 0.222316, 10.000000, 42.789617,no
0.058280, 0.061882, 0.115234, 0.125667, 0.321082, 10.000000, 49.621852,no
0.021833, 0.011104, 0.134666, 0.168955, 0.348144, 56.000000, 47.679318,no
0.046980, 0.014906, 0.187038, 0.155776, 0.252247, 10.000000, 45.675362,no
0.033024, 0.087371, 0.126842, 0.138315, 0.207171, 0.000000, 43.790224,no
0.038052, 0.054955, 0.189958, 0.125652, 0.337660, 10.000000, 42.091401,no
0.037269, 0.063925, 0.200310, 0.185475, 0.246502, 10.000000, 41.908164,no
0.060814, 0.113220, 0.150148, 0.142413, 0.228758, 10.000000, 40.541086,no
0.029406, 0.059215, 0.212762, 0.112459, 0.300377, 10.000000, 43.767396,no
0.012771, 0.039717, 0.160166, 0.145644, 0.256348, 10.000000, 46.554568,no
0.049320, 0.042384, 0.215603, 0.196922, 0.242916, 10.000000, 39.442183,no
0.097131, 0.085073, 0.104869, 0.173732, 0.275748, 10.000000, 41.739053,no
0.008154, 0.062529, 0.143613, 0.224242, 0.257888, 10.000000, 44.486791,no
0.016979, 0.031310, 0.161097, 0.256714, 0.230681, 10.000000, 43.757337,no
0.018989, 0.059512, 0.093178, 0.211072, 0.311914, 20.000000, 45.716799,no
0.092873, 0.049514, 0.099798, 0.168308, 0.260389, 10.000000, 45.453870,no
0.014767, 0.036326, 0.202750, 0.174207, 0.242451, 10.000000, 44.887216,no
0.033318, 0.049998, 0.119845, 0.173319, 0.244615, 10.000000, 48.965265,no
0.025419, 0.044215, 0.122946, 0.116567, 0.338543, 10.000000, 44.528330,no
0.061556, 0.060140, 0.147533, 0.172690, 0.287735, 10.000000, 42.383175,no
0.034920, 0.052904, 0.190947, 0.189940, 0.283075, 10.000000, 42.369889,no
0.061004, 0.032667, 0.086717, 0.108778, 0.305792, 53.000000, 49.985591,no
0.030306, 0.032967, 0.117176, 0.176393, 0.324684, 10.000000, 47.570263,no
0.046185, 0.048307, 0.080304, 0.162671, 0.256319, 10.000000, 50.487551,no
0.055048, 0.064184, 0.117931, 0.213016, 0.237392, 10.000000, 47.067541,no
0.014604, 0.045835, 0.135553, 0.182180, 0.327893, 10.000000, 45.928979,no
0.045136, 0.047962, 0.186701, 0.124360, 0.275794, 10.000000, 44.776419,no
0.049671, 0.038206, 0.187289, 0.122355, 0.348411, 10.000000, 41.973242,no
0.017904, 0.068191, 0.130910, 0.208026, 0.239239, 10.000000, 45.513299,no
0.067576, 0.016179, 0.104895, 0.247011, 0.375286, 30.000000, 42.425306,no
0.067839, 0.046470, 0.116475, 0.214901, 0.245256, 10.000000, 44.633409,no
0.027385, 0.028283, 0.154015, 0.140435, 0.321381, 10.000000, 48.174456,no
0.091681, 0.048984, 0.102596, 0.156311, 0.299939, 10.000000, 42.244154,no
0.024997, 0.015173, 0.123040, 0.198785, 0.255513, 10.000000, 48.583723,no
0.021786, 0.029986, 0.126664, 0.152941, 0.308733, 10.000000, 49.688837,no
0.019095, 0.033360, 0.059016, 0.406238, 0.252302, 20.000000, 41.221017,help
0.024481, 0.060055, 0.057824, 0.300237, 0.284035, 20.000000, 43.531500,help
0.051059, 0.098002, 0.083959, 0.241009, 0.315569, 20.000000, 42.395648,help
0.050105, 0.033165, 0.033135, 0.268902, 0.352696, 20.000000, 46.668660,help
0.052883, 0.068015, 0.038363, 0.301590, 0.258673, 20.000000, 43.722606,help
0.038181, 0.042674, 0.060485, 0.260048, 0.274195, 20.000000, 46.358523,help
0.028165, 0.037532, 0.076246, 0.227642, 0.204522, 20.000000, 47.525496,help
0.029127, 0.029438, 0.027893, 0.243086, 0.342292, 40.000000, 47.730023,help
0.040639, 0.096302, 0.036618, 0.236211, 0.280909, 20.000000, 45.143903,help
0.020337, 0.054538, 0.043896, 0.217937, 0.255687, 20.000000, 50.226994,help
0.062012, 0.052799, 0.026398, 0.331786, 0.280221, 20.000000, 42.526518,help
0.035913, 0.029688, 0.019072, 0.316704, 0.251853, 20.000000, 48.871900,help
0.026304, 0.039206, 0.064869, 0.250829, 0.292582, 20.000000, 45.295299,help
0.023671, 0.018721, 0.040400, 0.262309, 0.260513, 20.000000, 50.287164,help
0.022428, 0.038030, 0.026358, 0.294867, 0.208375, 20.000000, 50.393047,help
0.071276, 0.102935, 0.046765, 0.197260, 0.355893, 40.000000, 43.579520,help
0.030720, 0.067303, 0.056899, 0.226967, 0.246361, 20.000000, 44.910601,help
0.033367, 0.099463, 0.052642, 0.258443, 0.324744, 20.000000, 41.701136,help
0.007505, 0.032353, 0.074488, 0.333925, 0.261961, 20.000000, 44.399884,help
0.051242, 0.049330, 0.039470, 0.287125, 0.242808, 20.000000, 46.832083,help
0.031787, 0.039920, 0.092921, 0.193267, 0.307202, 20.000000, 48.716035,help
0.014853, 0.036210, 0.037655, 0.369642, 0.323667, 20.000000, 43.457459,help
0.016128, 0.038502, 0.092998, 0.274465, 0.304858, 20.000000, 45.956437,help
0.030226, 0.038638, 0.050179, 0.343450, 0.260929, 20.000000, 43.871625,help
0.018952, 0.017927, 0.022357, 0.327248, 0.248542, 20.000000, 49.183340,help
0.020974, 0.031269, 0.066065, 0.238151, 0.261520, 20.000000, 46.680649,help
0.019590, 0.019997, 0.076119, 0.261416, 0.295692, 20.000000, 44.703970,help
0.053482, 0.044720, 0.037966, 0.313018, 0.283348, 20.000000, 43.499871,help
0.019051, 0.027778, 0.014709, 0.359134, 0.235411, 20.000000, 45.747059,help
0.031313, 0.039702, 0.060045, 0.242131, 0.301915, 20.000000, 48.549633,help
0.028860, 0.025232, 0.042409, 0.249870, 0.259230, 85.000000, 46.822694,help
0.035689, 0.106551, 0.085263, 0.219166, 0.276349, 20.000000, 43.394766,help
0.033314, 0.020206, 0.046405, 0.317136, 0.283640, 20.000000, 46.028369,help
0.040545, 0.058189, 0.059329, 0.279519, 0.279721, 20.000000, 46.590930,help
0.028557, 0.020117, 0.011886, 0.207323, 0.409274, 20.000000, 49.608662,help
0.012496, 0.031662, 0.024341, 0.254971, 0.264538, 20.000000, 49.996049,help
0.016561, 0.029340, 0.072377, 0.327416, 0.291399, 20.000000, 42.942120,help
0.059563, 0.066799, 0.054621, 0.209793, 0.306667, 4.000000, 47.055440,help
0.041836, 0.063332, 0.040720, 0.267894, 0.250135, 20.000000, 45.994469,help
0.024609, 0.041253, 0.072876, 0.337277, 0.281971, 20.000000, 44.837226,help
0.030051, 0.015176, 0.046066, 0.197314, 0.368368, 20.000000, 50.354657,help
0.035765, 0.093632, 0.058863, 0.310715, 0.298578, 20.000000, 39.284903,help
0.027876, 0.058475, 0.046382, 0.251191, 0.248156, 20.000000, 48.039403,help
0.023958, 0.034601, 0.036730, 0.275576, 0.292870, 20.000000, 47.367559,help
0.024734, 0.028121, 0.065236, 0.256082, 0.248815, 20.000000, 49.455560,help
0.023207, 0.034835, 0.084103, 0.267718, 0.245989, 20.000000, 47.308001,help
0.016456, 0.041141, 0.043191, 0.254118, 0.325688, 20.000000, 45.356572,help
0.013425, 0.066545, 0.041480, 0.218558, 0.281310, 20.000000, 48.888849,help
0.072939, 0.080759, 0.045536, 0.269894, 0.284689, 20.000000, 41.747235,help
0.020680, 0.031167, 0.049964, 0.252128, 0.341746, 20.000000, 49.166681,help
0.035863, 0.033509, 0.031386, 0.311991, 0.252273, 20.000000, 45.056738,help
0.015377, 0.042527, 0.087589, 0.213137, 0.175051, 0.000000, 48.159266,help
0.020495, 0.026780, 0.042787, 0.314971, 0.339006, 20.000000, 46.537924,help
0.015107, 0.052835, 0.020096, 0.248933, 0.368211, 20.000000, 48.684222,help
0.022495, 0.038479, 0.054181, 0.329711, 0.285905, 20.000000, 45.805944,help
0.036725, 0.052973, 0.036579, 0.236056, 0.279599, 0.000000, 41.910954,help
0.063101, 0.061741, 0.068960, 0.284779, 0.268975, 20.000000, 44.646231,help
0.060848, 0.048665, 0.068452, 0.318604, 0.230202, 20.000000, 44.244033,help
0.030369, 0.031156, 0.032203, 0.220146, 0.243651, 20.000000, 53.330689,help
0.033053, 0.049492, 0.033831, 0.265838, 0.215941, 20.000000, 50.836176,help
0.070539, 0.083330, 0.038050, 0.274256, 0.255818, 20.000000, 44.092997,help
0.015684, 0.029034, 0.039835, 0.216805, 0.276200, 20.000000, 52.354111,help
0.032992, 0.033592, 0.053307, 0.361137, 0.307443, 20.000000, 39.701018,help
0.019787, 0.056549, 0.077261, 0.260338, 0.284270, 20.000000, 46.057313,help
0.017396, 0.038190, 0.043554, 0.286389, 0.227352, 20.000000, 42.846074,help
0.014426, 0.094578, 0.063567, 0.253271, 0.233500, 20.000000, 45.701146,help
0.015632, 0.028378, 0.029449, 0.311960, 0.266771, 20.000000, 48.271604,help
0.077775, 0.076619, 0.028760, 0.163423, 0.266321, 20.000000, 49.077023,help
0.034648, 0.029815, 0.056977, 0.252205, 0.335712, 20.000000, 42.875499,help
0.060303, 0.019266, 0.057948, 0.296976, 0.243827, 20.000000, 45.469637,help
0.035458, 0.041849, 0.073120, 0.255120, 0.267376, 20.000000, 44.332584,help
0.022296, 0.039519, 0.048007, 0.354192, 0.271526, 20.000000, 42.628112,help
0.037921, 0.034567, 0.059732, 0.229266, 0.285223, 20.000000, 49.241191,help
0.033940, 0.047150, 0.060616, 0.243468, 0.347192, 20.000000, 44.951024,help
0.029740, 0.033790, 0.053682, 0.302797, 0.248224, 20.000000, 47.016793,help
0.066024, 0.052899, 0.040604, 0.264476, 0.197552, 20.000000, 46.746482,help
0.049719, 0.060076, 0.046632, 0.271279, 0.252276, 20.000000, 42.839325,help
0.035931, 0.062936, 0.027107, 0.229701, 0.274904, 20.000000, 48.138641,help
0.024772, 0.087154, 0.073525, 0.196949, 0.315487, 20.000000, 43.298227,help
0.005934, 0.074044, 0.075679, 0.242497, 0.245839, 71.000000, 46.793676,help
0.029126, 0.015542, 0.049078, 0.252694, 0.294682, 20.000000, 49.196690,help
0.033963, 0.065265, 0.037038, 0.235791, 0.263365, 20.000000, 48.039855,help
0.046258, 0.020535, 0.029933, 0.304145, 0.303642, 20.000000, 44.968243,help
0.012612, 0.036817, 0.035937, 0.256550, 0.297302, 20.000000, 53.897098,help
0.036303, 0.038221, 0.039812, 0.206909, 0.335398, 20.000000, 48.440038,help
0.033728, 0.031817, 0.073780, 0.343376, 0.253770, 20.000000, 43.319698,help
0.005147, 0.033988, 0.090059, 0.338162, 0.222677, 20.000000, 43.995126,help
0.039063, 0.040966, 0.026808, 0.299945, 0.213926, 20.000000, 49.046580,help
0.037480, 0.061853, 0.042062, 0.295221, 0.242004, 20.000000, 45.533390,help
0.025688, 0.045214, 0.055856, 0.247626, 0.258830, 20.000000, 47.473855,help
0.049671, 0.029686, 0.098601, 0.278005, 0.258351, 20.000000, 44.494315,help
0.054183, 0.098734, 0.056366, 0.173569, 0.364791, 20.000000, 44.511649,help
0.067749, 0.036491, 0.047787, 0.263392, 0.341370, 20.000000, 41.627250,help
0.040636, 0.040136, 0.031923, 0.268724, 0.328242, 20.000000, 46.411643,help
0.019515, 0.022620, 0.067508, 0.282558, 0.276442, 20.000000, 44.384646,help
0.032837, 0.041048, 0.033340, 0.255627, 0.284154, 20.000000, 44.361677,help
0.017037, 0.050593, 0.092757, 0.295140, 0.231925, 20.000000, 45.588209,help
0.031701, 0.049870, 0.017672, 0.230718, 0.349069, 20.000000, 47.180274,help
0.048727, 0.062696, 0.064201, 0.285235, 0.220963, 20.000000, 45.470647,help
0.013878, 0.021323, 0.037634, 0.285448, 0.255771, 20.000000, 50.759886,help
0.050842, 0.058018, 0.083797, 0.198348, 0.260269, 20.000000, 47.301105,help
0.027340, 0.029013, 0.050716, 0.290075, 0.252477, 20.000000, 48.525263,help
0.038366, 0.026360, 0.039159, 0.319437, 0.206834, 20.000000, 47.513550,help
0.022300, 0.038381, 0.054394, 0.265216, 0.242349, 20.000000, 47.102449,help
0.027148, 0.026091, 0.052143, 0.336755, 0.284246, 20.000000, 45.367364,help
0.032966, 0.055615, 0.056779, 0.208344, 0.319752, 20.000000, 48.515523,help
0.036004, 0.058759, 0.052342, 0.207565, 0.191652, 20.000000, 53.248468,help
0.028102, 0.043732, 0.059830, 0.210874, 0.282080, 20.000000, 49.659971,help
0.044071, 0.052160, 0.072344, 0.327985, 0.258810, 20.000000, 42.488602,help
0.023180, 0.048955, 0.060354, 0.344664, 0.205194, 20.000000, 46.102387,help
0.009813, 0.032082, 0.026265, 0.263671, 0.259792, 20.000000, 51.785268,help
0.012315, 0.023783, 0.028957, 0.298428, 0.303598, 20.000000, 47.413766,help
0.026234, 0.039472, 0.030700, 0.253421, 0.371980, 20.000000, 44.813358,help
0.037508, 0.013211, 0.035817, 0.254566, 0.281113, 20.000000, 48.753529,help
0.048037, 0.055602, 0.056746, 0.121855, 0.309092, 73.000000, 49.786550,help
0.039280, 0.049984, 0.030444, 0.247570, 0.274670, 20.000000, 47.343129,help
0.037962, 0.080379, 0.060886, 0.321397, 0.270494, 20.000000, 42.825667,help
0.013918, 0.025334, 0.079780, 0.299317, 0.307305, 20.000000, 43.558768,help
0.094360, 0.042182, 0.041766, 0.221404, 0.227906, 20.000000, 48.978883,help
0.065841, 0.089563, 0.042301, 0.221439, 0.289354, 20.000000, 47.657919,help
0.035310, 0.069767, 0.025888, 0.241203, 0.310749, 20.000000, 45.134961,help
0.022898, 0.050489, 0.028745, 0.298636, 0.311373, 20.000000, 45.556525,help
0.065105, 0.064258, 0.070182, 0.295318, 0.247611, 20.000000, 42.755076,help
0.025462, 0.031384, 0.030623, 0.379456, 0.258006, 20.000000, 41.343994,help
0.066922, 0.017684, 0.058621, 0.217699, 0.299966, 20.000000, 47.967119,help
0.023002, 0.018477, 0.050466, 0.236696, 0.291474, 20.000000, 48.835919,help
0.078220, 0.030325, 0.055610, 0.259969, 0.309285, 20.000000, 46.016802,help
0.044945, 0.042674, 0.052837, 0.212925, 0.271083, 20.000000, 51.106718,help
0.008972, 0.092733, 0.052244, 0.229441, 0.307084, 20.000000, 45.455368,help
0.031421, 0.035158, 0.083542, 0.262686, 0.229254, 20.000000, 47.523621,help
0.027650, 0.043095, 0.033283, 0.319122, 0.275637, 20.000000, 46.254200,help
0.042762, 0.037392, 0.044660, 0.230476, 0.350580, 20.000000, 47.415117,help
0.028066, 0.048187, 0.043571, 0.279822, 0.298972, 20.000000, 46.182692,help
0.013595, 0.008402, 0.020221, 0.258526, 0.277141, 74.000000, 51.886518,help
0.020424, 0.032283, 0.058230, 0.290760, 0.215052, 20.000000, 47.054050,help
0.024456, 0.053123, 0.041978, 0.291951, 0.245796, 20.000000, 44.805799,help
0.034020, 0.080731, 0.046764, 0.202135, 0.256514, 20.000000, 50.913407,help
0.022712, 0.028403, 0.029096, 0.250399, 0.303555, 20.000000, 48.569195,help
0.021155, 0.035382, 0.034498, 0.249374, 0.195045, 20.000000, 52.756966,help
0.030197, 0.032390, 0.102967, 0.278397, 0.284803, 20.000000, 45.920919,help
0.016649, 0.072972, 0.020986, 0.209923, 0.333859, 20.000000, 46.945136,help
0.053067, 0.069104, 0.058206, 0.262305, 0.208711, 20.000000, 44.889862,help
0.067641, 0.019983, 0.039608, 0.284229, 0.325416, 20.000000, 43.198174,help
0.054181, 0.031421, 0.103271, 0.191938, 0.308359, 20.000000, 44.615267,help
0.043859, 0.023847, 0.026752, 0.301561, 0.319446, 20.000000, 40.999498,help
0.022957, 0.040587, 0.031196, 0.292765, 0.315834, 20.000000, 47.356283,help
0.049404, 0.031198, 0.052536, 0.277333, 0.256187, 20.000000, 45.561170,help
0.044173, 0.050970, 0.073055, 0.294242, 0.177724, 20.000000, 46.157161,help
0.016649, 0.037700, 0.056385, 0.298271, 0.222379, 20.000000, 47.484337,help
0.013395, 0.015055, 0.048843, 0.220148, 0.315217, 20.000000, 52.364436,help
0.023309, 0.045883, 0.059746, 0.227765, 0.317151, 20.000000, 49.054461,help
0.043951, 0.032391, 0.072080, 0.285983, 0.312119, 20.000000, 44.501989,help
0.009242, 0.076452, 0.057668, 0.226202, 0.282985, 20.000000, 47.421014,help
0.056742, 0.032062, 0.083333, 0.294278, 0.230784, 20.000000, 45.233030,help
0.015404, 0.028374, 0.066848, 0.240829, 0.343123, 20.000000, 47.361113,help
0.030164, 0.048026, 0.040197, 0.217611, 0.402105, 20.000000, 46.985157,help
0.038367, 0.038466, 0.077906, 0.271376, 0.262328, 20.000000, 44.158228,help
0.057852, 0.079001, 0.024312, 0.198459, 0.305309, 20.000000, 46.990631,help
0.053603, 0.047189, 0.073432, 0.195243, 0.277219, 20.000000, 46.032897,help
0.044932, 0.049629, 0.039581, 0.202818, 0.339894, 20.000000, 48.403347,help
0.022513, 0.046696, 0.058776, 0.288499, 0.296641, 20.000000, 45.195678,help
0.014472, 0.019855, 0.078645, 0.373350, 0.219019, 20.000000, 42.768787,help
0.034535, 0.048257, 0.036333, 0.269484, 0.223969, 20.000000, 50.720778,help
0.014326, 0.039100, 0.078190, 0.269222, 0.254015, 20.000000, 48.943536,help
0.037875, 0.051143, 0.035023, 0.278148, 0.304558, 20.000000, 44.849409,help
0.042689, 0.067070, 0.031692, 0.236234, 0.251541, 20.000000, 48.645092,help
0.018594, 0.029024, 0.032406, 0.257255, 0.397801, 20.000000, 45.943320,help
0.017449, 0.026292, 0.026523, 0.266609, 0.281755, 20.000000, 47.997436,help
0.026540, 0.044169, 0.045990, 0.250943, 0.264026, 20.000000, 48.109870,help
0.023304, 0.012556, 0.030315, 0.340074, 0.264010, 20.000000, 45.978053,help
0.050570, 0.051978, 0.043353, 0.303712, 0.272312, 20.000000, 45.298037,help
0.015590, 0.022633, 0.036021, 0.290158, 0.261706, 20.000000, 48.497780,help
0.047124, 0.026875, 0.071844, 0.190769, 0.376886, 45.000000, 48.345142,help
0.042289, 0.039330, 0.031563, 0.271368, 0.315698, 20.000000, 46.069311,help
0.004391, 0.044700, 0.016083, 0.276506, 0.336571, 20.000000, 48.198703,help
0.029587, 0.037468, 0.073513, 0.235424, 0.275990, 20.000000, 48.996041,help
0.016317, 0.024394, 0.119934, 0.280495, 0.279572, 20.000000, 44.594073,help
0.038821, 0.050373, 0.061231, 0.304854, 0.256229, 20.000000, 43.829143,help
0.036113, 0.046346, 0.057917, 0.268097, 0.293213, 20.000000, 41.864787,help
0.058207, 0.046714, 0.054938, 0.226566, 0.231021, 20.000000, 47.295404,help
0.071797, 0.049759, 0.059568, 0.285636, 0.299652, 20.000000, 42.005364,help
0.031809, 0.022797, 0.031974, 0.234129, 0.280938, 20.000000, 51.152998,help
0.018657, 0.058349, 0.038953, 0.269036, 0.296488, 20.000000, 47.829595,help
0.053218, 0.043530, 0.038602, 0.268997, 0.217389, 20.000000, 50.718404,help
0.031902, 0.064442, 0.030725, 0.251613, 0.282611, 20.000000, 46.193298,help
0.035397, 0.062797, 0.080582, 0.152266, 0.219628, 20.000000, 48.599784,help
0.028112, 0.049559, 0.023624, 0.275806, 0.295442, 20.000000, 47.963411,help
0.055665, 0.024478, 0.027242, 0.126080, 0.307156, 20.000000, 54.201326,help
0.012608, 0.040038, 0.054332, 0.298174, 0.265894, 20.000000, 45.054505,help
0.014995, 0.026973, 0.049704, 0.338678, 0.301573, 20.000000, 43.687076,help
0.023961, 0.011777, 0.059812, 0.239476, 0.361415, 20.000000, 46.919408,help
0.058582, 0.056152, 0.053863, 0.361169, 0.210975, 20.000000, 40.518227,help
0.033267, 0.017747, 0.036825, 0.281589, 0.335426, 20.000000, 46.534157,help
0.016384, 0.042704, 0.073110, 0.223859, 0.331633, 20.000000, 48.491199,help
0.031358, 0.050707, 0.030156, 0.221889, 0.310390, 20.000000, 50.475755,help
0.076975, 0.040197, 0.015662, 0.269646, 0.288692, 20.000000, 42.262380,help
0.041312, 0.045499, 0.042769, 0.194470, 0.368629, 20.000000, 47.749321,help
0.037775, 0.040706, 0.089925, 0.239817, 0.308902, 20.000000, 43.621709,help
0.028061, 0.043665, 0.088143, 0.267488, 0.304069, 20.000000, 44.272681,help
0.027432, 0.056277, 0.082860, 0.222229, 0.247503, 20.000000, 46.018261,help
0.034501, 0.029401, 0.055083, 0.251488, 0.260969, 20.000000, 48.159398,help
0.025512, 0.059774, 0.045834, 0.319936, 0.225022, 20.000000, 46.363028,help
0.020597, 0.025203, 0.041564, 0.288047, 0.281651, 20.000000, 48.426079,help
0.052318, 0.032117, 0.067282, 0.228399, 0.203754, 20.000000, 49.056748,help
0.038018, 0.015768, 0.030885, 0.186623, 0.353014, 20.000000, 50.667175,help
0.023723, 0.048658, 0.030724, 0.254049, 0.252133, 20.000000, 46.729460,help
0.024831, 0.026912, 0.040379, 0.302987, 0.280230, 20.000000, 48.237798,help
0.029712, 0.085544, 0.054102, 0.238599, 0.268716, 20.000000, 44.802654,help
0.034653, 0.033106, 0.051086, 0.198504, 0.269652, 20.000000, 50.781508,help
0.047982, 0.087635, 0.065655, 0.165880, 0.270524, 20.000000, 47.066339,help
0.100549, 0.034337, 0.043855, 0.265331, 0.253973, 20.000000, 44.665372,help
0.016458, 0.061138, 0.030318, 0.274387, 0.355415, 20.000000, 44.513036,help
0.027750, 0.043421, 0.058745, 0.261944, 0.244427, 20.000000, 48.063558,help
0.051939, 0.020753, 0.037296, 0.202590, 0.290206, 20.000000, 50.829610,help
0.025418, 0.063463, 0.070461, 0.326244, 0.263199, 20.000000, 42.319080,help
0.052977, 0.046626, 0.068637, 0.251591, 0.318385, 20.000000, 44.754559,help
0.021642, 0.046862, 0.032794, 0.298758, 0.277331, 20.000000, 46.337814,help
0.071112, 0.048413, 0.056012, 0.218266, 0.273722, 20.000000, 47.155748,help
0.027501, 0.027420, 0.062617, 0.213697, 0.264523, 20.000000, 52.169988,help
0.023415, 0.033435, 0.073339, 0.303983, 0.326186, 20.000000, 44.480610,help
0.050847, 0.062006, 0.059552, 0.276459, 0.248521, 20.000000, 44.149638,help
0.037155, 0.063946, 0.079966, 0.297136, 0.267964, 20.000000, 42.197264,help
0.041328, 0.030404, 0.051416, 0.223197, 0.301452, 20.000000, 49.170027,help
0.036689, 0.062680, 0.025657, 0.182935, 0.301141, 20.000000, 50.268898,help
0.043669, 0.069780, 0.031187, 0.256596, 0.269954, 20.000000, 46.736721,help
0.056159, 0.034182, 0.063719, 0.177861, 0.343680, 20.000000, 46.398437,help
0.013659, 0.025871, 0.091653, 0.258749, 0.247005, 20.000000, 47.550879,help
0.054072, 0.046141, 0.033119, 0.296894, 0.225066, 20.000000, 45.729846,help
0.050248, 0.109787, 0.064263, 0.243935, 0.178481, 20.000000, 46.945952,help
0.028333, 0.029485, 0.056930, 0.327291, 0.248003, 20.000000, 46.830239,help
0.034668, 0.044587, 0.065161, 0.241741, 0.344458, 20.000000, 47.580527,help
0.020257, 0.063406, 0.062985, 0.247548, 0.316948, 20.000000, 47.361921,help
0.026667, 0.055348, 0.032672, 0.273417, 0.296899, 20.000000, 48.533745,help
0.040522, 0.046206, 0.054109, 0.210854, 0.331527, 20.000000, 49.922820,help
0.027463, 0.030070, 0.075920, 0.279436, 0.264262, 20.000000, 46.358928,help
0.034111, 0.074102, 0.052489, 0.198015, 0.247077, 20.000000, 45.187663,help
0.025653, 0.027051, 0.038147, 0.334386, 0.248991, 20.000000, 46.418907,help
0.065101, 0.059423, 0.061746, 0.273378, 0.223656, 20.000000, 46.311973,help
0.036543, 0.056337, 0.035568, 0.242808, 0.252857, 20.000000, 49.332889,help
0.050610, 0.028407, 0.056010, 0.393674, 0.238923, 20.000000, 40.539014,help
0.035776, 0.054542, 0.032624, 0.236417, 0.280733, 20.000000, 50.314599,help
0.035510, 0.025442, 0.039230, 0.376355, 0.237543, 20.000000, 45.306376,help
0.013700, 0.027811, 0.060952, 0.318043, 0.258126, 20.000000, 45.945549,help
0.047399, 0.038007, 0.073165, 0.221560, 0.213548, 20.000000, 50.377822,help
0.067823, 0.052355, 0.027209, 0.263495, 0.270189, 20.000000, 45.459580,help
0.028029, 0.069957, 0.026481, 0.345242, 0.261642, 20.000000, 41.873956,help
0.044691, 0.018330, 0.060016, 0.370991, 0.227086, 20.000000, 42.355002,help
0.021128, 0.041969, 0.033510, 0.282445, 0.301037, 20.000000, 47.645167,help
0.028670, 0.018074, 0.049318, 0.288622, 0.268290, 20.000000, 47.160374,help
0.039063, 0.047067, 0.053413, 0.272386, 0.227847, 20.000000, 45.809082,help
0.011504, 0.065647, 0.071945, 0.312331, 0.258582, 20.000000, 44.614404,help
0.024521, 0.034820, 0.038266, 0.238757, 0.324107, 20.000000, 48.865213,help
0.012871, 0.068351, 0.064115, 0.293243, 0.260713, 20.000000, 47.740727,help
0.033022, 0.035878, 0.051581, 0.236766, 0.314073, 20.000000, 49.255714,help
0.027319, 0.047664, 0.071543, 0.292196, 0.258145, 20.000000, 45.504786,help
0.069580, 0.042394, 0.106130, 0.298051, 0.177267, 20.000000, 44.768077,help
0.012665, 0.033602, 0.047810, 0.234876, 0.345922, 20.000000, 49.541054,help
0.051431, 0.086689, 0.039003, 0.221306, 0.305006, 20.000000, 46.676993,help
0.021537, 0.035312, 0.029697, 0.277645, 0.327874, 20.000000, 48.144436,help
0.034278, 0.037660, 0.052619, 0.276720, 0.289247, 20.000000, 46.205104,help
0.039530, 0.040930, 0.045906, 0.269450, 0.281314, 20.000000, 46.368094,help
0.044796, 0.045801, 0.051851, 0.266795, 0.289285, 20.000000, 44.216920,help
0.035468, 0.032298, 0.048033, 0.269828, 0.356399, 20.000000, 46.222818,help
0.035028, 0.048740, 0.047683, 0.319092, 0.310693, 20.000000, 43.136992,help
0.028348, 0.087142, 0.039782, 0.317140, 0.248121, 20.000000, 44.071008,help
0.023426, 0.078657, 0.013213, 0.233660, 0.289334, 20.000000, 47.297125,help
0.045319, 0.061727, 0.062859, 0.309295, 0.235096, 20.000000, 43.588159,help
0.021808, 0.031193, 0.040466, 0.271578, 0.235742, 20.000000, 50.576319,help
0.043018, 0.046487, 0.035308, 0.269251, 0.231489, 20.000000, 47.669779,help
0.022197, 0.056547, 0.054010, 0.254360, 0.231586, 20.000000, 49.070365,help
0.058935, 0.035692, 0.058522, 0.257460, 0.220703, 20.000000, 48.076159,help
0.019220, 0.036195, 0.058524, 0.311120, 0.258061, 20.000000, 47.344366,help
0.057133, 0.050020, 0.080740, 0.246834, 0.230252, 20.000000, 47.202616,help
0.048332, 0.030046, 0.065243, 0.256303, 0.290716, 20.000000, 47.385859,help
0.027989, 0.015146, 0.027291, 0.190850, 0.310403, 20.000000, 53.273119,help
0.029936, 0.044467, 0.028153, 0.227562, 0.305674, 20.000000, 45.554436,help
0.060883, 0.045923, 0.047852, 0.260366, 0.295373, 20.000000, 45.949294,help
0.041840, 0.063958, 0.081376, 0.236438, 0.168248, 20.000000, 49.166610,help
0.031101, 0.028502, 0.074437, 0.315310, 0.212899, 20.000000, 47.809360,help
0.023981, 0.045579, 0.068007, 0.293975, 0.243724, 20.000000, 41.603934,help
0.046407, 0.044474, 0.054036, 0.293510, 0.332429, 20.000000, 43.156764,help
0.022042, 0.049069, 0.058615, 0.291129, 0.249343, 20.000000, 45.295362,help
0.030406, 0.061430, 0.054554, 0.304377, 0.278175, 20.000000, 45.871151,help
0.020579, 0.024720, 0.043312, 0.298480, 0.330161, 20.000000, 46.074250,help
0.022700, 0.058813, 0.021519, 0.249650, 0.328988, 20.000000, 48.783636,help
0.008356, 0.078410, 0.029586, 0.265153, 0.237062, 20.000000, 47.759206,help
0.026721, 0.040707, 0.018604, 0.276881, 0.346991, 20.000000, 46.180898,help
0.028090, 0.040507, 0.055022, 0.291764, 0.277627, 20.000000, 46.077049,help
0.021067, 0.017144, 0.070644, 0.236138, 0.305009, 20.000000, 46.416467,help
0.016069, 0.034214, 0.046858, 0.355253, 0.241678, 20.000000, 45.823106,help
0.038442, 0.050731, 0.047788, 0.223014, 0.345022, 20.000000, 47.276207,help
0.025656, 0.033537, 0.094859, 0.194844, 0.248735, 20.000000, 50.215181,help
0.020006, 0.050713, 0.048554, 0.293777, 0.257265, 20.000000, 46.263170,help
0.055941, 0.064947, 0.083677, 0.286582, 0.255706, 20.000000, 40.369072,help
0.028825, 0.042421, 0.052387, 0.228727, 0.331913, 20.000000, 46.473853,help
0.053438, 0.033499, 0.022743, 0.336771, 0.210375, 20.000000, 45.292395,help
0.023630, 0.077591, 0.019556, 0.233693, 0.267777, 20.000000, 48.017858,help
0.029851, 0.034110, 0.072231, 0.266618, 0.324007, 20.000000, 44.112957,help
0.016950, 0.034697, 0.027253, 0.211288, 0.335425, 20.000000, 53.375491,help
0.039475, 0.076927, 0.050227, 0.221210, 0.351148, 20.000000, 45.906817,help
